transaction_id,timestamp,amount,currency,sender_account,receiver_account,sender_country,sender_municipality,receiver_country,receiver_municipality,transaction_type,notes,amount_sek,hour
0768d874-012e-4e3d-ab57-d7e7abd68613,2025-02-28 11:26:00,628.56,SEK,SE8902ZWKL91581622045409,SE8902ZNHI21783939608864,Sweden,Östersund,Sweden,Ängelholm,incoming,,0.0,11
fe64bd92-b0dc-4b0f-a112-cf9e6ca89824,2025-02-04 01:48:00,154.7,SEK,SE8902NDNE36671961231780,SE8902XXAF74151570423565,Sweden,Linköping,Sweden,Skellefteå,incoming,Payment for invoice #1833,0.0,1
8b4a5e0c-274c-43b0-a611-e973fbef2b1c,2025-03-14 07:15:00,939.61,SEK,SE8902FCSV26977507325534,SE8902MQZJ06643246897705,Sweden,Falun,Sweden,Motala,outgoing,Loan repayment,0.0,7
40e6acbd-d419-42a4-beaa-e5424b7b697e,2025-04-02 12:28:00,149.23,SEK,SE8902UGGW38274485777478,SE8902MQZJ06643246897705,Sweden,Växjö,Sweden,Skellefteå,incoming,Payment for invoice #1096,0.0,12
8c26b18f-d9c9-4d57-97c9-bfb68adce2dd,2025-05-06 13:04:00,550.96,SEK,SE8902ZJEO82962448424927,SE8902XXAF74151570423565,Sweden,Malmö,Sweden,Karlskrona,outgoing,Utility bill,0.0,13
1ba7445b-2657-4496-a6e9-973041588cf8,2025-02-08 01:09:00,802.73,SEK,SE8902YOEW30639718787528,SE8902MMNV35784660404948,Sweden,Norrköping,Sweden,Göteborg,incoming,Subscription fee,0.0,1
5f09b10e-ef7d-4b26-8432-adf70c05f9a8,2025-02-17 09:09:00,368.98,SEK,SE8902FGVS05404234689422,SE8902YCCU23582343543594,Sweden,Stockholm,Sweden,Mölndal,outgoing,Reimbursement for travel,0.0,9
13250e03-eb44-4c14-b621-70077659eae3,2025-01-24 14:16:00,780.5,SEK,SE8902PFYI37989903515742,SE8902MMNV35784660404948,Sweden,Varberg,Sweden,Falun,incoming,Mobile recharge,0.0,14
eacecf6d-b1b7-476d-aba2-0473d87becb9,2025-03-25 10:39:00,840.51,SEK,SE8902YHDH55973704252760,SE8902YCCU23582343543594,Sweden,Uppsala,Sweden,Piteå,incoming,Subscription fee,0.0,10
9e59cfb0-0db9-451e-ac00-16ca8e1badbf,2025-04-18 11:31:00,319.51,SEK,SE8902RIDV47368265699473,SE8902XXAF74151570423565,Sweden,Norrköping,Sweden,Örnsköldsvik,incoming,Payment for invoice #7484,0.0,11
57866015-8d03-4f40-9702-7b05c788d1f5,2025-03-20 03:31:00,277.22,USD,GB60ETUO88284186410125,SE8902FSHA42297476809642,Syrian Arab Republic,Jonathanville,Sweden,Karlskoga,outgoing,,2853.43,3
32d1d21a-0c57-4327-95bb-26eee1e92c4b,2025-01-27 19:22:00,410.88,USD,GB57ITCO65117399270848,SE8902TOSX14314674232363,Cote d'Ivoire,Martinezton,Sweden,Borås,outgoing,Mobile recharge,4229.19,19
e9b27482-ad82-420a-a62e-0f7bbafdf0f2,2025-01-06 21:19:00,485.1,USD,GB04SHND35079801723177,SE8902FVFT61557043346714,Singapore,Ashleymouth,Sweden,Trollhättan,outgoing,Payment for invoice #3684,4993.13,21
b4d25915-701c-4e92-8986-ab97bcf008fa,2025-01-04 19:31:00,807.24,USD,GB41SYHO21084193906610,SE8902TBKW34062991571482,Cambodia,East Nathaniel,Sweden,Stockholm,incoming,Utility bill,8308.92,19
bb3706be-5c3f-49da-90a1-664308024604,2025-01-19 04:07:00,838.02,SEK,GB69IKTA23890148619891,SE8902LKXQ69920608322446,Sweden,Uppsala,Sweden,Umeå,outgoing,Gift to family member,0.0,4
348099bd-6f98-4033-bd11-1545ceecddb8,2025-04-18 11:02:00,814.82,SEK,GB73CAWS35646795070914,SE8902FKYE96295585801229,Sweden,Linköping,Sweden,Alingsås,incoming,Subscription fee,0.0,11
678128dc-22e4-44f0-bd6e-87f30410d653,2025-02-26 13:37:00,592.76,SEK,GB04FMPX88379315181800,SE8902ZJVA11817265425330,Sweden,Borås,Sweden,Luleå,outgoing,Consulting fee,0.0,13
e1e18069-ec18-42a6-a824-13c6af2e679e,2025-05-12 05:56:00,433.98,USD,GB39OYVM56086402766019,SE8902TBKW34062991571482,Bosnia and Herzegovina,Diaztown,Sweden,Stockholm,outgoing,Subscription fee,4466.96,5
cbcf55ae-64a2-454b-b401-3f218ece25e5,2025-05-02 13:25:00,692.42,SEK,GB38LEMD67601272531809,SE8902FBTR73223116722714,Sweden,Ängelholm,Sweden,Mölndal,incoming,Reimbursement for travel,0.0,13
10b92bbc-bcea-4352-b04d-74c52a168daa,2025-03-14 04:30:00,693.24,SEK,GB18ZLWG70155425794574,SE8902FVFT61557043346714,Sweden,Norrköping,Sweden,Helsingborg,outgoing,Freelance project payment,0.0,4
1a263328-4f6a-4bb2-98b2-5f2ff25ab86d,2025-01-06 00:45:00,892.93,SEK,GB08IGXR62863650925128,SE8902YCCU23582343543594,Sweden,Mölndal,Sweden,Linköping,incoming,Online purchase,0.0,0
8d028d72-67f3-4bda-b6e9-44f0fded4ea7,2025-02-12 01:01:00,694.21,USD,GB85ONXB76193576037456,SE8902TBKW34062991571482,Hong Kong,Joneshaven,Sweden,Södertälje,incoming,Utility bill,7145.5,1
0d5054a8-7cda-4d76-8c8b-01f7c492c11b,2025-03-21 04:08:00,803.06,SEK,GB30IAGY09389058273066,SE8902OKGM15362718359701,Sweden,Lidköping,Sweden,Falun,incoming,Subscription fee,0.0,4
0b410009-87f5-4fbd-8f8f-076116e425a5,2025-04-04 06:45:00,916.84,SEK,GB64MKQI82884610910751,SE8902LKXQ69920608322446,,Malmö,Sweden,Helsingborg,incoming,Rent transfer,0.0,6
15bf336c-b837-462b-a48e-336028e139d3,2025-03-10 20:09:00,67.44,SEK,GB49MDKW28227169164944,SE8902FVFT61557043346714,Sweden,Trollhättan,Sweden,Örebro,incoming,Subscription fee,0.0,20
6e628fab-d535-4c64-9e05-ef4aa9b1fc1d,2025-03-01 15:46:00,78.95,SEK,GB76XJNG56705213105561,SE8902ZJBK03539793529686,Sweden,Stockholm,Sweden,Kalmar,outgoing,Insurance payout,0.0,15
ec7b7ae3-95bd-4ce6-8327-e4011fec3b54,2025-04-04 02:11:00,221.7,SEK,GB95FRPY67675922592895,SE8902YCCU23582343543594,Sweden,Borås,Sweden,Luleå,outgoing,Rent transfer,0.0,2
bf319e44-5655-4910-959c-2ee9a8437a17,2025-02-05 06:33:00,576.86,SEK,GB98RAYD50192256007032,SE8902GQAD77323256759071,Sweden,Borås,Sweden,Halmstad,outgoing,Reimbursement for travel,0.0,6
b8881fce-f875-43f9-bcb3-cb695ea9735c,2025-03-24 16:36:00,887.51,SEK,GB34QEIW21541451758505,SE8902TNEQ21759041931830,Sweden,Karlstad,Sweden,Skövde,outgoing,Insurance payout,0.0,16
fd9cee80-d157-4cc4-999f-f334cd35ab5f,2025-03-12 21:52:00,441.48,SEK,GB09WUMB13106147621500,SE8902FKYE96295585801229,Sweden,Halmstad,Sweden,Jönköping,outgoing,Insurance payout,0.0,21
52517fa3-edf8-4243-866e-e711c234d85c,2025-01-21 19:37:00,890.21,USD,GB16PMFG76957277383763,SE8902TBKW34062991571482,Turkey,Lake Jessica,Sweden,Östersund,incoming,Loan repayment,9162.93,19
e82a3e70-7926-451c-93cb-3df373887397,2025-01-08 12:37:00,549.55,SEK,GB93IQCQ21203693662018,SE8902YCCU23582343543594,Sweden,Jönköping,Sweden,Borås,incoming,Insurance payout,0.0,12
23a2a9e4-afbb-44b6-832c-0ea739baaced,2025-04-18 11:11:00,146.57,USD,GB72JBAF75588740556223,SE8902GQAD77323256759071,Poland,Legnica,Sweden,Växjö,incoming,Salary payment,1508.65,11
c5cd3adf-e77b-4779-b78c-1d9fe44bef6c,2025-04-08 15:58:00,865.93,USD,GB68QPHL59534744095855,SE8902AJRJ35802643947946,Guam,Lake Steventown,Sweden,Karlskoga,outgoing,Reimbursement for travel,8913.02,15
7b30215b-867e-4266-bf63-f228fc836083,2025-03-06 14:03:00,976.9,SEK,GB16EQTG82084109937277,SE8902FCJT75375914520219,Sweden,Norrköping,Sweden,Mölndal,outgoing,Insurance payout,0.0,14
d5ae1b73-3a18-4e7d-b26b-9156f6ff12ce,2025-01-13 16:41:00,811.15,SEK,GB62RXAS90141309420565,SE8902YCCU23582343543594,Sweden,Trelleborg,Sweden,Karlstad,incoming,Gift to family member,0.0,16
a67ccbc7-c101-47e6-8192-f7fbe2c8b6a5,2025-02-16 11:02:00,631.16,USD,GB27EDPE35550345675060,SE8902RFAD93127690350624,Costa Rica,Shannonburgh,Sweden,Växjö,incoming,Insurance payout,6496.53,11
a677627c-3133-4df8-8b7e-34a2ab46fbc5,2025-03-06 05:54:00,699.32,NOK,GB72OHUG75606056423768,SE8902TBKW34062991571482,Norway,Mikkelsen,Sweden,Ängelholm,incoming,Freelance project payment,687.43,5
89446e12-2afb-413b-80da-6dfc91a36639,2025-05-01 11:19:00,694.12,USD,GB61AWLZ51765584259727,SE8902FVFT61557043346714,Estonia,South Valentina,Sweden,Karlskoga,outgoing,Salary payment,7144.58,11
3fa9b3a0-5b01-4feb-a885-e54fa72aa45a,2025-02-23 05:17:00,997.86,NOK,GB84QFZP45082739158862,SE8902LLGR94243337164385,Norway,Haugland,Sweden,Södertälje,incoming,Mobile recharge,980.9,5
cad4fcb3-f11e-4933-90ff-b6e0d5e294bd,2025-05-15 23:24:00,837.54,SEK,GB50GGCK32883825223110,SE8902GQAD77323256759071,Sweden,Borås,Sweden,Ängelholm,outgoing,,0.0,23
d38c01e6-d3e5-4375-ae1e-a259271929df,2025-02-20 07:28:00,426.35,SEK,GB65LJTV41807755782830,SE8902YBWC04395871663306,Sweden,Karlskrona,Sweden,Kalmar,incoming,Rent transfer,0.0,7
fb58620a-fb2f-4667-8ca8-def7564e053a,2025-04-12 18:15:00,603.08,SEK,GB48AHSJ80924231757921,SE8902BWOT03489901672599,Sweden,Ängelholm,Sweden,Göteborg,incoming,Utility bill,0.0,18
292e48fb-4b03-49c8-8b48-85cf1e174dc2,2025-01-13 17:51:00,523.71,EUR,GB04AOYA94472993895752,SE8902BWOT03489901672599,Finland,Ulvila,Sweden,Västerås,incoming,,6079.44,17
05c2e14d-9170-44ea-9e9c-40eb510a74a8,2025-02-23 15:12:00,356.42,SEK,GB60IOGH46130978686238,SE8902TBKW34062991571482,Sweden,Ängelholm,Sweden,Östersund,outgoing,Salary payment,0.0,15
8a864979-e28f-4d0e-8b9e-5db7a43b451a,2025-05-09 08:00:00,179.06,USD,GB68QFGI08193082143437,SE8902LLGR94243337164385,Ireland,Wilsonstad,Sweden,Örebro,outgoing,Insurance payout,1843.06,8
0be3c2c7-1ed3-4c4f-8ab5-b14e7e4d0000,2025-01-04 12:00:00,122.7,USD,GB10TFAZ81632599565643,SE8902LLGR94243337164385,Martinique,Port Lauren,Sweden,Ängelholm,incoming,Tax refund,1262.95,12
4149bcb2-26a0-42c0-a266-8b97688ba574,2025-01-02 12:00:00,110.81,USD,GB51DPKU96404947051923,SE8902LLGR94243337164385,Mayotte,Kimberlyview,Sweden,Borlänge,incoming,Rent transfer,1140.57,12
27ff38cc-afdf-403d-85ee-1a4f7c71f9e6,2025-02-27 12:00:00,169.66,USD,GB46ESYD32442072456024,SE8902LLGR94243337164385,Saint Kitts and Nevis,Smithport,Sweden,Sandviken,incoming,Reimbursement for travel,1746.31,12
a76520a9-512a-49f6-9342-2fea32f1b3ba,2025-10-05 13:00:00,85.9,USD,GB94WAOM16747719505182,SE8902LLGR94243337164385,Saint Pierre and Miquelon,Port Patrick,Sweden,Motala,outgoing,Payment for invoice #6200,884.17,13
c67b84b3-b7c5-48c6-95e7-bf0ae350190f,2025-02-15 17:00:00,93.52,USD,GB77VFQB55066437359405,SE8902LLGR94243337164385,Palau,North Stevebury,Sweden,Linköping,outgoing,Subscription fee,962.6,17
7acdf050-8603-4be8-aac8-d81641dbcf3f,2025-02-01 14:00:00,87.51,USD,GB67MDJN74388931121291,SE8902LLGR94243337164385,Guatemala,New Amy,Sweden,Kristianstad,outgoing,Loan repayment,900.74,14
5620205f-5da4-4be2-8ae0-599fe068bef5,2025-01-22 15:00:00,29.3,USD,GB68IYQG14350580716566,SE8902LLGR94243337164385,New Zealand,North Brandi,Sweden,Lund,incoming,Insurance payout,301.58,15
d70adb42-c81c-4253-ab26-59d43960258c,2025-02-19 10:00:00,134.49,USD,GB85KRTI42704938064686,SE8902LLGR94243337164385,Indonesia,Kevinchester,Sweden,Växjö,outgoing,Mobile recharge,1384.31,10
1f80704e-a944-498c-934c-4587377bd413,2025-04-06 15:00:00,119.34,USD,GB67RCXH79575303563336,SE8902LLGR94243337164385,Somalia,New Frankside,Sweden,Örebro,outgoing,Rent transfer,1228.37,15
664520b3-7960-4449-8988-a08c91fd334d,2025-03-11 13:00:00,119.57,USD,GB44WMCQ15149570727928,SE8902RUPP97970833512919,Nigeria,North Joanna,Sweden,Skellefteå,incoming,Insurance payout,1230.73,13
b6b46b80-a4a4-4158-8ec5-431021d84a24,2025-02-28 11:00:00,128.44,USD,GB24EMHM75846319412860,SE8902RUPP97970833512919,New Caledonia,East Misty,Sweden,Uppsala,incoming,,1322.03,11
5b0908b1-c764-4e64-a1b5-4ed3a776a12c,2025-03-27 10:00:00,177.07,USD,GB54GKZA93506806395803,SE8902RUPP97970833512919,Romania,North Jasonberg,Sweden,Örnsköldsvik,incoming,Rent transfer,1822.58,10
d13ecad8-51be-4b51-879e-e89a9a073f66,2025-05-02 08:00:00,86.62,USD,GB36EOVD11284426236621,SE8902RUPP97970833512919,Iceland,East Matthewfurt,Sweden,Karlskrona,incoming,Loan repayment,891.58,8
020e0146-0e3c-4e1f-8475-e74a038cc060,2025-02-06 17:00:00,191.59,USD,GB07HWEF69050770739559,SE8902RUPP97970833512919,Madagascar,Port Melissa,Sweden,Växjö,outgoing,Consulting fee,1972.04,17
329d4cbb-1a0d-4905-933f-904cdb0b2332,2025-05-18 12:00:00,160.97,USD,GB90KRUL08659996300488,SE8902RUPP97970833512919,Ethiopia,Crystalland,Sweden,Karlskrona,incoming,Gift to family member,1656.86,12
bfc8620f-ac2d-4e46-898a-b55b71584838,2025-03-02 18:00:00,145.59,USD,GB15OJEF37381448717276,SE8902RUPP97970833512919,Brazil,West Michaelfurt,Sweden,Karlskrona,incoming,Tax refund,1498.56,18
8b8b7ca0-73c3-4e5d-9216-165d1c5df89a,2025-05-18 11:00:00,37.59,USD,GB61BOFC84648887330503,SE8902RUPP97970833512919,United States Virgin Islands,Smithmouth,Sweden,Halmstad,outgoing,Tax refund,386.91,11
90646a0a-5b89-4428-9666-790adb74b233,2025-01-05 17:00:00,83.21,USD,GB21UHGT57216056933190,SE8902RUPP97970833512919,Equatorial Guinea,Hamiltonchester,Sweden,Växjö,incoming,Freelance project payment,856.48,17
93106bb0-9aad-435d-820c-37ab3bf34e37,2025-05-07 08:00:00,97.55,USD,GB79MDJF98880957206853,SE8902RUPP97970833512919,Iceland,East Joshuaport,Sweden,Sandviken,outgoing,Tax refund,1004.08,8
ad76d664-1a8a-4091-abd1-73ee56e79a23,2025-01-23 08:00:00,194.32,USD,GB86TCLI87551563012474,SE8902BWOT03489901672599,Equatorial Guinea,West Tony,Sweden,Nyköping,incoming,Insurance payout,2000.14,8
d5a90bb4-0f28-4b0f-8135-4cc86fa6820a,2025-04-12 16:00:00,32.92,USD,GB57WEXN71882088385180,SE8902BWOT03489901672599,Cuba,North Tonya,Sweden,Trollhättan,incoming,Consulting fee,338.85,16
14168bfc-7e78-4f2e-b80e-4ce3759ae659,2025-03-02 16:00:00,91.25,USD,GB55INTL79598385731184,SE8902BWOT03489901672599,Ireland,South Joshuafort,Sweden,Varberg,outgoing,Loan repayment,939.24,16
7764f91c-9fe3-4290-a08c-849c70287135,2025-01-11 14:00:00,33.29,USD,GB37LDTI03527152170603,SE8902BWOT03489901672599,Tajikistan,Lake Dylan,Sweden,Kalmar,outgoing,,342.65,14
2d1c2689-008c-415f-8252-ae2ac3d1d589,2025-03-31 13:00:00,126.07,USD,GB96JMKS82448585924878,SE8902BWOT03489901672599,Saint Lucia,Phillipstown,Sweden,Karlskoga,incoming,Freelance project payment,1297.64,13
1dea85d2-1ebf-4d79-a4c2-60080d1f3e9b,2025-04-08 16:00:00,139.39,USD,GB30KAPB38644892346770,SE8902BWOT03489901672599,Yemen,New Kevinport,Sweden,Lund,outgoing,Utility bill,1434.74,16
e614d844-1baf-499c-b2be-e2bba44cd93c,2025-05-15 18:00:00,195.44,USD,GB49WBGG65818853581170,SE8902BWOT03489901672599,Central African Republic,Yangstad,Sweden,Uppsala,outgoing,Freelance project payment,2011.66,18
868e5e3d-7ed9-40b9-af12-065d06c53ad6,2025-01-11 17:00:00,125.7,USD,GB70OVCF60319576927408,SE8902BWOT03489901672599,Cote d'Ivoire,Port Matthew,Sweden,Skövde,incoming,Mobile recharge,1293.83,17
62262255-c4c8-4701-a479-c528fbad88f7,2025-02-12 14:00:00,74.81,USD,GB50ZRDQ99847349694556,SE8902BWOT03489901672599,Guernsey,South Ericville,Sweden,Mölndal,incoming,Online purchase,770.02,14
d1424c33-4ebf-4ec0-b96f-33791d887a37,2025-01-06 09:00:00,142.5,USD,GB31DKOK33076415098069,SE8902BWOT03489901672599,San Marino,Kellyshire,Sweden,Lidköping,outgoing,Subscription fee,1466.75,9
4c7b53f8-359e-46ea-9667-140deed9cd85,2025-05-08 15:00:00,188.32,USD,GB27MKEP64028984880286,SE8902KEUK66106098793775,Botswana,Johnport,Sweden,Lidingö,outgoing,Tax refund,1938.38,15
da17065a-f190-4348-823f-f97bfaa69e3e,2025-02-13 10:00:00,18.25,USD,GB24DVVA12890114281640,SE8902KEUK66106098793775,Nigeria,New Mistyton,Sweden,Skövde,incoming,Salary payment,187.85,10
97272002-c10e-4daa-9ec7-26cae641b427,2025-05-17 09:00:00,93.4,USD,GB32EXGD64129041095995,SE8902KEUK66106098793775,North Macedonia,Lake Matthewville,Sweden,Göteborg,outgoing,Gift to family member,961.37,9
4819a50a-783f-4e0f-b22b-da78f0a4af5b,2025-03-01 08:00:00,109.94,USD,GB18OVLO02732208583596,SE8902KEUK66106098793775,Montserrat,South Nicole,Sweden,Lund,incoming,Gift to family member,1131.61,8
1e597d5e-c5a6-409e-8cc8-5c21f2c58a46,2025-01-08 18:00:00,99.08,USD,GB47QQNI74110813550636,SE8902KEUK66106098793775,Hungary,Francomouth,Sweden,Stockholm,incoming,Mobile recharge,1019.83,18
ba770a3f-2205-4f61-89da-720af8cde89f,2025-02-23 17:00:00,107.01,USD,GB68RZFB31520438300363,SE8902KEUK66106098793775,Central African Republic,Torresside,Sweden,Örnsköldsvik,incoming,Reimbursement for travel,1101.45,17
634a62d5-aebc-411f-9341-35b93f3a39ac,2025-01-03 14:00:00,113.85,USD,GB11LYWW93060959589804,SE8902KEUK66106098793775,Belize,Lake Anthonyburgh,Sweden,Skellefteå,incoming,Mobile recharge,1171.86,14
efa84d31-5685-4ccf-bdde-6d48eaf85d8f,2025-02-07 17:00:00,128.11,USD,GB44UKSX42609659758518,SE8902KEUK66106098793775,American Samoa,Mezatown,Sweden,Eskilstuna,outgoing,Subscription fee,1318.64,17
319977e8-726a-4c46-9e56-d127bfcfd967,2025-04-23 16:00:00,149.21,USD,GB13NUQH21236339029321,SE8902KEUK66106098793775,Uganda,Marialand,Sweden,Örnsköldsvik,outgoing,Utility bill,1535.82,16
e0b07649-5b42-4c6a-8f36-7b6076fb618c,2025-04-25 15:00:00,133.04,USD,GB25FMCA70610460520517,SE8902KEUK66106098793775,Yemen,Ramirezstad,Sweden,Norrköping,incoming,Insurance payout,1369.38,15
a64a9d7f-23d9-4672-ac13-1ec32af7c2dd,2025-03-30 13:00:00,73.44,USD,GB76GYNV54370536615236,SE8902QBVC38031274896724,Grenada,New Robert,Sweden,Skellefteå,incoming,Gift to family member,755.92,13
48e46c98-abe9-4ade-8bd0-375ed20b4ee6,2025-02-17 16:00:00,7.52,USD,GB30DLXO85838793764286,SE8902QBVC38031274896724,Cote d'Ivoire,Knoxfurt,Sweden,Borlänge,outgoing,Tax refund,77.4,16
afd4a451-9e16-4f23-a811-beb4f87f7ea7,2025-03-06 16:00:00,130.15,USD,GB46STVJ98299321827532,SE8902QBVC38031274896724,Saint Vincent and the Grenadines,Juliaville,Sweden,Södertälje,outgoing,Salary payment,1339.63,16
bbb78bda-f4c2-426b-ae94-dfbfd4a46746,2025-05-04 08:00:00,14.24,USD,GB44WQVP03200284345617,SE8902QBVC38031274896724,Lithuania,East Catherineview,Sweden,Helsingborg,outgoing,Gift to family member,146.57,8
153ff3bf-8d4f-4584-a9f6-21d57ee548cd,2025-04-29 15:00:00,170.23,USD,GB10NIOV77071818916564,SE8902QBVC38031274896724,Saint Barthelemy,Josephchester,Sweden,Malmö,incoming,Loan repayment,1752.18,15
e7057f22-3c34-4dfb-bb7a-ac509661dafd,2025-03-26 16:00:00,91.57,USD,GB45EDHR60704560171335,SE8902QBVC38031274896724,Cuba,Alexland,Sweden,Luleå,outgoing,Insurance payout,942.53,16
2f6282a4-4943-457b-b017-a7ce3ca4dd7f,2025-04-05 15:00:00,37.77,USD,GB73QCPE60771638022293,SE8902QBVC38031274896724,Antarctica (the territory South of 60 deg S),Lake Erica,Sweden,Umeå,outgoing,Freelance project payment,388.77,15
579a4a63-46a0-4e37-a1fd-00102a366f01,2025-01-05 18:00:00,101.87,USD,GB08PPXH93230176671160,SE8902QBVC38031274896724,Suriname,Port Joanne,Sweden,Jönköping,outgoing,Utility bill,1048.55,18
ed223c58-7a21-43a4-b993-318252c30ea8,2025-01-26 15:00:00,129.47,USD,GB84MSJD67214271912603,SE8902QBVC38031274896724,Rwanda,Lake James,Sweden,Lidköping,outgoing,,1332.63,15
55e52c29-e08e-4aac-965c-530fdd65a924,2025-03-09 08:00:00,28.35,USD,GB23ZDQE70152110344307,SE8902QBVC38031274896724,Yemen,Glennmouth,Sweden,Eskilstuna,incoming,Reimbursement for travel,291.81,8
2ffea19b-d8b7-4d0a-99eb-be28ad3b3985,2025-02-09 18:00:00,188.85,USD,GB26IOKS23563609047157,SE8902FCJT75375914520219,Gambia,Anthonytown,Sweden,Landskrona,incoming,Subscription fee,1943.83,18
de74c9d7-471a-4ca8-a065-ea50e6aabf5f,2025-02-17 15:00:00,174.67,USD,GB63YWEO95174631943620,SE8902FCJT75375914520219,Korea,Riverafort,Sweden,Karlskoga,incoming,Gift to family member,1797.88,15
a100a6d3-6018-4a7d-9a77-7d9e7fe07e21,2025-02-02 17:00:00,26.1,USD,GB02NBYZ10724011179908,SE8902FCJT75375914520219,Grenada,Sotoview,Sweden,Örnsköldsvik,incoming,Salary payment,268.65,17
e205d34d-b4ba-4268-9f88-b6a573a06e4f,2025-05-06 14:00:00,156.71,USD,GB74XTRB69892424472938,SE8902FCJT75375914520219,Comoros,Scottton,Sweden,Karlskrona,incoming,Reimbursement for travel,1613.02,14
a1f434a5-c72f-4c7e-bdca-643e51d2a46a,2025-01-19 11:00:00,112.28,USD,GB40ECCD94657384368888,SE8902FCJT75375914520219,Heard Island and McDonald Islands,South Kevin,Sweden,Lidköping,outgoing,Gift to family member,1155.7,11
f43a9cc4-11cb-4c9d-9806-2141d9188152,2025-01-30 17:00:00,12.87,USD,GB25XKJV04750818027237,SE8902FCJT75375914520219,Slovenia,East Sarahville,Sweden,Västerås,incoming,Freelance project payment,132.47,17
6ae398c4-06c9-4698-9236-11ff8693f209,2025-03-26 10:00:00,15.62,USD,GB58DDEQ01835621611358,SE8902FCJT75375914520219,Jamaica,Susanburgh,Sweden,Borlänge,outgoing,Payment for invoice #9640,160.78,10
cf150364-16d5-4035-bbdc-f104048362bb,2025-03-25 16:00:00,183.29,USD,GB36ECTJ77583268505909,SE8902FCJT75375914520219,Argentina,Annachester,Sweden,Norrköping,incoming,Tax refund,1886.6,16
3cea9ef5-c9c0-46f0-bab8-cbb215e88cae,2025-04-05 09:00:00,158.51,USD,GB55JMVB43511714928950,SE8902FCJT75375914520219,American Samoa,North Erin,Sweden,Lidköping,incoming,Reimbursement for travel,1631.54,9
6916d992-2d28-4401-8279-5778f25ded67,2025-01-26 08:00:00,168.72,USD,GB20JHZQ16344149555311,SE8902FCJT75375914520219,Saint Kitts and Nevis,Allenton,Sweden,Borlänge,outgoing,Tax refund,1736.63,8
092ad521-9dd3-4cbf-ad73-62ce0d3ed1d4,2025-03-27 13:00:00,98.63,USD,GB98KEKG52757362536684,SE8902LKXQ69920608322446,North Macedonia,New Kimberly,Sweden,Malmö,outgoing,Payment for invoice #8301,1015.2,13
4043cf05-5920-4e72-9f14-17a231a74566,2025-01-06 10:00:00,79.39,USD,GB55BAYH05323277244029,SE8902LKXQ69920608322446,Lesotho,New Vanessa,Sweden,Västerås,outgoing,Mobile recharge,817.16,10
635d3c59-9967-43c3-ab2e-5007d038b260,2025-03-21 17:00:00,182.77,USD,GB25WJCQ09185229493738,SE8902LKXQ69920608322446,Indonesia,Brendaberg,Sweden,Kristianstad,outgoing,,1881.25,17
ff95201b-b195-4c47-a49a-e593b72eac1b,2025-03-09 09:00:00,194.29,USD,GB07DUER53055195291209,SE8902LKXQ69920608322446,Timor-Leste,Floresberg,Sweden,Skellefteå,incoming,Gift to family member,1999.83,9
382b9e69-c7a7-4bf2-b0cb-f738adbfb6bf,2025-02-14 17:00:00,65.51,JPY,GB16BEML92280806418923,SE8902LKXQ69920608322446,Japan,西東京市,Sweden,Växjö,incoming,Loan repayment,4.32,17
558bfc22-b745-417a-8486-5e51c6864f8d,2025-01-18 17:00:00,198.4,USD,GB17KAAB15160671608575,SE8902LKXQ69920608322446,Ghana,East Caitlin,Sweden,Uddevalla,outgoing,Mobile recharge,2042.13,17
07399e38-b04a-4eb7-94a3-747e54e1e2f1,2025-04-17 13:00:00,132.84,USD,GB93EASN82645497903091,SE8902LKXQ69920608322446,South Georgia and the South Sandwich Islands,Port Nicholastown,Sweden,Norrköping,incoming,Insurance payout,1367.32,13
c9310873-ab95-4e1e-a0f9-8a89c24e11ca,2025-05-04 10:00:00,119.94,USD,GB30IICJ05213048901815,SE8902LKXQ69920608322446,Burundi,North Deborah,Sweden,Eskilstuna,incoming,Rent transfer,1234.54,10
409a7d1a-f9f4-4fde-803e-03fe84bd9de3,2025-03-25 10:00:00,13.36,USD,GB16LOCW54464378695461,SE8902LKXQ69920608322446,Saint Martin,West Lori,Sweden,Eskilstuna,incoming,,137.51,10
5cddba88-36aa-42e4-b424-9323f23b3d52,2025-04-08 13:00:00,105.55,USD,GB61PDIF66989793068595,SE8902LKXQ69920608322446,French Polynesia,Bruceberg,Sweden,Karlskoga,incoming,,1086.43,13
f7fccc2a-0597-46a4-b46d-ce4d2d5d403e,2025-04-07 08:00:00,163.14,USD,GB05EMQR00697605635312,SE8902TOSX14314674232363,Christmas Island,Stephenview,Sweden,Falun,incoming,Subscription fee,1679.2,8
1194ff78-4758-4c18-8c5e-731a0eb28d79,2025-03-26 13:00:00,100.44,USD,GB37ETBW41033231123948,SE8902TOSX14314674232363,Bulgaria,Annechester,Sweden,Motala,outgoing,Loan repayment,1033.83,13
1abf2730-883c-4615-b1ef-f12d80fc03e7,2025-05-03 15:00:00,124.15,USD,GB75KHJQ04553592905761,SE8902TOSX14314674232363,Korea,South Luke,Sweden,Sandviken,outgoing,Subscription fee,1277.88,15
63b70c63-fd8a-4d11-b12b-2941d2d26466,2025-01-21 18:00:00,118.2,USD,GB05LYPS13005460395434,SE8902TOSX14314674232363,Cocos (Keeling) Islands,New Patrick,Sweden,Jönköping,incoming,,1216.63,18
6427b938-d655-4fdd-bf4f-d2a7b232ea79,2025-03-29 18:00:00,60.76,USD,GB14TYVI42982716418159,SE8902TOSX14314674232363,United States Minor Outlying Islands,Harrisonfort,Sweden,Motala,outgoing,Loan repayment,625.4,18
b186d91e-c58e-4b65-8ae8-4387cecfe8e6,2025-02-05 16:00:00,126.24,USD,GB87SVXU17121450315421,SE8902TOSX14314674232363,Congo,North Thomas,Sweden,Sandviken,outgoing,Rent transfer,1299.39,16
c4e0bc5b-09fe-490c-ac2f-45de000d2a31,2025-04-05 12:00:00,43.26,USD,GB43MWEM34473922829982,SE8902TOSX14314674232363,Belize,Port Saraberg,Sweden,Trelleborg,incoming,Insurance payout,445.28,12
daa0370f-47d7-4564-94ef-c61d9fea39e1,2025-02-24 09:00:00,53.28,USD,GB07FINP88643159164694,SE8902TOSX14314674232363,Nigeria,Jonesborough,Sweden,Malmö,incoming,Payment for invoice #6039,548.41,9
8d5ef7cc-fdeb-4e6d-8073-201c1c79c36a,2025-02-16 08:00:00,55.09,USD,GB41EHPF91290366197588,SE8902TOSX14314674232363,Tajikistan,Briggsville,Sweden,Karlskoga,incoming,Utility bill,567.04,8
a424c77e-6e0e-4864-bdb8-267cf090b6cd,2025-02-06 08:00:00,194.01,USD,GB20VHHU76936992682886,SE8902TOSX14314674232363,Bhutan,Sarachester,Sweden,Eskilstuna,outgoing,Insurance payout,1996.94,8
08dbd79f-41ca-415d-b841-a1b8c31a8b35,2025-05-06 11:00:00,171.11,USD,GB14CGJE64528051830027,SE8902YBWC04395871663306,Uganda,New Scottside,Sweden,Luleå,outgoing,Mobile recharge,1761.24,11
f94ae060-0d0c-466d-ac2b-ce33d6d7bd0a,2025-03-09 09:00:00,7.12,USD,GB05NZVH34595675087001,SE8902YBWC04395871663306,Georgia,Brownstad,Sweden,Norrköping,outgoing,,73.29,9
9702e355-7ff4-4fd4-a750-86513cecead5,2025-04-16 16:00:00,116.16,USD,GB90NQVL70499041315811,SE8902YBWC04395871663306,Puerto Rico,New Michaelville,Sweden,Malmö,incoming,,1195.63,16
3fd735af-4640-4d8e-b67d-345b928ea601,2025-02-23 10:00:00,109.46,USD,GB67MPDW39660762973887,SE8902YBWC04395871663306,Bahamas,Powersport,Sweden,Jönköping,incoming,Utility bill,1126.67,10
fc71116f-baaa-47d0-a68d-c9ce2aebf5f5,2025-03-24 18:00:00,59.29,USD,GB80KPMI99275283542464,SE8902YBWC04395871663306,Uganda,East Garyton,Sweden,Örebro,incoming,,610.27,18
fde9f5b8-8aa5-44f7-a3c1-e938375829ef,2025-03-24 12:00:00,129.44,USD,GB69DXJX50955245420843,SE8902YBWC04395871663306,Switzerland,Jenniferburgh,Sweden,Ängelholm,incoming,Subscription fee,1332.33,12
5e2e1bdb-f73d-4750-b79d-888357630172,2025-03-23 14:00:00,112.12,USD,GB97YNIF74917426253442,SE8902YBWC04395871663306,Namibia,West Stephanieland,Sweden,Motala,outgoing,Mobile recharge,1154.05,14
10054c96-d6a1-47ca-af79-c70cdb152865,2025-03-18 08:00:00,22.78,USD,GB25OMYJ80562244860021,SE8902YBWC04395871663306,Mozambique,North Sarah,Sweden,Norrköping,outgoing,Subscription fee,234.47,8
0a37e9a7-6a6e-4a3c-82c2-ed924f5867e8,2025-02-28 14:00:00,93.91,ZAR,GB17EKIH82188052542508,SE8902YBWC04395871663306,South Africa,Greenstad,Sweden,Piteå,outgoing,Subscription fee,54.39,14
0dc35b28-b4ba-4095-8865-a42d98e9c193,2025-04-01 16:00:00,123.22,USD,GB40NQHC27407095301506,SE8902YBWC04395871663306,Gabon,Lake Cristian,Sweden,Kristianstad,outgoing,,1268.3,16
98111d94-1fbe-4bbc-b655-35e345559c2f,2025-03-16 17:00:00,123.97,USD,GB06UVYI95571137829970,SE8902MQZJ06643246897705,Monaco,New Andrew,Sweden,Gävle,incoming,Gift to family member,1276.02,17
218de0ba-ef9f-4f5d-ba13-eacf3956df4f,2025-04-27 17:00:00,160.68,USD,GB81CQMZ34999613716531,SE8902MQZJ06643246897705,Bahamas,West Shelley,Sweden,Luleå,outgoing,Salary payment,1653.88,17
ef102045-abed-430b-8c5c-4985d3cd4a0f,2025-02-09 09:00:00,187.4,USD,GB70RUSJ15256442012196,SE8902MQZJ06643246897705,Anguilla,South Teresa,Sweden,Landskrona,outgoing,Payment for invoice #1424,1928.91,9
3975793c-e7bf-4b1b-bc66-7d2ca2541d84,2025-02-25 10:00:00,111.71,USD,GB12CMWD20502228588073,SE8902MQZJ06643246897705,Yemen,East Brianville,Sweden,Gävle,outgoing,Loan repayment,1149.83,10
dbc0e172-d553-4cf9-b51f-1dd12c0a8f3d,2025-04-06 18:00:00,196.48,USD,GB19CBAG75169592253934,SE8902MQZJ06643246897705,Tuvalu,South Charlesfurt,Sweden,Sandviken,outgoing,,2022.37,18
21116551-b926-43ae-afe1-34177cc67d74,2025-03-02 12:00:00,156.95,USD,GB61SIBQ38660764082218,SE8902MQZJ06643246897705,Latvia,Sandovalton,Sweden,Trollhättan,outgoing,Payment for invoice #5617,1615.49,12
c42190dd-8c46-4147-bc36-cd8e191c1b4d,2025-04-04 16:00:00,135.69,USD,GB47IBNT84000244412271,SE8902MQZJ06643246897705,Thailand,North Matthew,Sweden,Piteå,outgoing,Tax refund,1396.66,16
5e6f6a84-f346-43f7-81fb-df328cb227d5,2025-03-28 11:00:00,97.65,USD,GB07QBYD82184262811585,SE8902MQZJ06643246897705,Isle of Man,North Shannonmouth,,Lidingö,incoming,Subscription fee,1005.11,11
ab788ce8-039b-4c30-aff5-6294da071509,2025-02-17 09:00:00,40.84,USD,GB17YXPP55668977026989,SE8902MQZJ06643246897705,Bahrain,Millerland,Sweden,Lund,outgoing,Online purchase,420.37,9
bda5fe5e-ade8-41bc-b1ed-ffabc5f5d508,2025-02-23 17:00:00,197.03,USD,GB07VQPA73911238158034,SE8902MQZJ06643246897705,Brunei Darussalam,South Christine,Sweden,Kalmar,incoming,Payment for invoice #5264,2028.03,17
45424207-f5d1-422c-815d-8ee6413e6474,2025-05-08 13:00:00,192.99,USD,GB73DGWO14184021606561,SE8902BXJC93392072105707,Korea,Adambury,Sweden,Örnsköldsvik,outgoing,Insurance payout,1986.45,13
20123725-6c42-447f-9e98-49dd6bedec3b,2025-02-16 10:00:00,58.41,USD,GB85OOZV29214480713494,SE8902BXJC93392072105707,Qatar,West Josephport,Sweden,Örebro,outgoing,,601.21,10
e15cdae5-f059-4e43-936e-33e22faf7763,2025-03-18 12:00:00,143.3,USD,GB18CUQN53241698530704,SE8902BXJC93392072105707,Sierra Leone,Robertview,Sweden,Borlänge,incoming,,1474.99,12
5a77e3f1-7fb0-4a3b-b52b-55a40f59a413,2025-03-16 11:00:00,115.12,USD,GB18XMBY05492261021310,SE8902BXJC93392072105707,Nicaragua,Lake Veronicaburgh,Sweden,Motala,incoming,Insurance payout,1184.93,11
8816f97e-6857-435b-a687-5948ce748ea9,2025-01-15 16:00:00,151.52,USD,GB81NRVD15452641755797,SE8902BXJC93392072105707,Tonga,South Autumn,Sweden,Kristianstad,incoming,Tax refund,1559.6,16
907b530e-59a9-4d83-a8c5-875edec8f973,2025-01-21 10:00:00,71.61,RMB,GB34INCO76817158151909,SE8902BXJC93392072105707,Myanmar,New Abigail,Sweden,Karlskrona,outgoing,Loan repayment,102.89,10
a06b0d08-fcbd-4989-b527-74c19bf456c3,2025-01-10 16:00:00,17.25,USD,GB65PUKT86043362216421,SE8902BXJC93392072105707,Anguilla,North Sara,Sweden,Trollhättan,outgoing,Online purchase,177.55,16
e5e57368-5f1b-4c9d-800f-b79fdcdc4185,2025-05-01 09:00:00,49.12,USD,GB16MZES96796581291120,SE8902BXJC93392072105707,Comoros,West Christinaville,Sweden,Växjö,outgoing,Utility bill,505.59,9
2700f371-a9de-41e8-bb14-b5dc3da24c13,2025-02-19 11:00:00,46.53,USD,GB36VGGB20832064798859,SE8902BXJC93392072105707,Gambia,North Donna,Sweden,Södertälje,outgoing,Consulting fee,478.93,11
c5e9a172-1006-48f3-a9ec-203dd39b1c21,2025-02-14 08:00:00,105.51,USD,GB50EKPT66858632240237,SE8902BXJC93392072105707,Panama,Contrerasburgh,Sweden,Jönköping,outgoing,,1086.01,8
f6716578-191a-45ce-81ad-5f01dbc5cac2,2025-05-09 09:00:00,84.07,USD,GB07LXEQ95181655170339,SE8902FBTR73223116722714,Saudi Arabia,Williamton,Sweden,Landskrona,incoming,Consulting fee,865.33,9
fca3c1c7-a40d-4d13-9ca4-0dd10bf6483e,2025-02-13 16:00:00,48.62,USD,GB09DMOW26344603594712,SE8902FBTR73223116722714,Anguilla,Erikaburgh,Sweden,Sundsvall,incoming,Mobile recharge,500.45,16
e184ec04-ac31-4b44-8794-471e1069c632,2025-01-30 09:00:00,60.74,USD,GB18ENMO02693600621017,SE8902FBTR73223116722714,Cameroon,Williambury,Sweden,Falun,incoming,Consulting fee,625.2,9
7f8a7ef0-150d-4dd3-8ac6-70fc67bbf020,2025-05-04 13:00:00,139.94,USD,GB18SYAI41465311328521,SE8902FBTR73223116722714,Western Sahara,Lake Lisafurt,Sweden,Sundsvall,outgoing,Online purchase,1440.4,13
0594443d-59fd-4a5c-9d18-7337e26d7373,2025-04-10 08:00:00,135.02,USD,GB84YZKM27705096961609,SE8902FBTR73223116722714,Botswana,Port Erica,Sweden,Landskrona,incoming,Reimbursement for travel,1389.76,8
3313a779-fcdc-4f72-90b9-36eba4a7a766,2025-01-04 16:00:00,133.18,USD,GB78WAIM02505952040551,SE8902FBTR73223116722714,Tokelau,South Elizabethburgh,Sweden,Borlänge,incoming,Gift to family member,1370.82,16
bb64862f-ec32-4075-ad7d-270737419b45,2025-05-02 14:00:00,73.4,USD,GB07YRQA00009921997556,SE8902FBTR73223116722714,Sierra Leone,New Rodney,Sweden,Växjö,incoming,Subscription fee,755.51,14
e7cba8ab-6e8a-4e41-a5c8-3adc472dbd31,2025-01-31 08:00:00,102.99,USD,GB86FQDF76301821775275,SE8902FBTR73223116722714,Czech Republic,Kellyton,Sweden,Sandviken,outgoing,Utility bill,1060.08,8
61a079b2-d20a-4523-92fb-a9f570e77c37,2025-02-07 17:00:00,169.69,USD,GB13WKJB01046424678484,SE8902FBTR73223116722714,Bouvet Island (Bouvetoya),Morenochester,Sweden,Sundsvall,outgoing,,1746.62,17
c7f41803-357e-491d-bc88-2c479cbe9b0b,2025-05-17 17:00:00,64.11,USD,GB81WCJJ28032459293840,SE8902FBTR73223116722714,Uganda,South Moniquechester,Sweden,Mölndal,incoming,Reimbursement for travel,659.88,17
3535baac-0990-4e57-805c-0a1455f3e017,2025-03-07 18:00:00,45.23,USD,GB34AHNB58948441194316,SE8902ZNHI21783939608864,Liberia,Lorichester,Sweden,Nyköping,incoming,Utility bill,465.55,18
adf35914-c6d0-4a48-9302-d1f399456b63,2025-02-25 08:00:00,36.24,USD,GB95VPJK11643647336224,SE8902ZNHI21783939608864,Latvia,West Joeburgh,Sweden,Växjö,outgoing,Rent transfer,373.02,8
c4b7aa58-d626-4d78-8d41-399ab0f8a204,2025-05-18 15:00:00,119.53,USD,GB65BSGO12618395901345,SE8902ZNHI21783939608864,Malta,New Laura,Sweden,Västerås,outgoing,Gift to family member,1230.32,15
d4173190-672d-48e2-b3d6-4d085fade7e5,2025-02-27 14:00:00,34.1,USD,GB26KKUN72042611631903,SE8902ZNHI21783939608864,Iceland,South Sarahmouth,Sweden,Alingsås,outgoing,Payment for invoice #6694,350.99,14
f354e751-0df2-47a4-9920-3ace38aa7ee9,2025-05-11 13:00:00,121.75,USD,GB16BDXQ68804541994581,SE8902ZNHI21783939608864,Romania,Lake Nathanburgh,Sweden,Borås,outgoing,Reimbursement for travel,1253.17,13
02831444-b4db-4b13-aedd-ad3a3fb9c76c,2025-03-14 17:00:00,42.61,USD,GB59XHUQ23159043909959,SE8902ZNHI21783939608864,Bolivia,Gabrielmouth,Sweden,Östersund,outgoing,Utility bill,438.58,17
4272491d-dd16-4e0d-94fa-020a2c9c0155,2025-05-07 12:00:00,104.04,USD,GB84WULB55700550707703,SE8902ZNHI21783939608864,Jamaica,New Patrick,Sweden,Umeå,outgoing,Loan repayment,1070.88,12
d4d87d1e-0353-4a8d-bbfb-65593d871ea3,2025-04-12 12:00:00,118.33,USD,GB31UZSV93199507014283,SE8902ZNHI21783939608864,Egypt,Everettmouth,Sweden,Skövde,incoming,Consulting fee,1217.97,12
da66c4ec-c43b-4a93-aed7-5db84bd9fe2c,2025-05-07 09:00:00,116.9,USD,GB61JIYI23970777499308,SE8902ZNHI21783939608864,French Southern Territories,Jeffreyfort,Sweden,Trelleborg,outgoing,Insurance payout,1203.25,9
861c0289-d5be-4919-a022-8b31ebbf7735,2025-04-04 12:00:00,74.29,USD,GB39ZRDR80837986830597,SE8902ZNHI21783939608864,Iraq,Lake Jenniferchester,Sweden,Trelleborg,incoming,Insurance payout,764.67,12
1ac22196-0df8-4b7c-b360-59dbe28316b7,2025-04-23 08:00:00,178.69,USD,GB19CWWX47635620716205,SE8902AXQM18280403499014,Equatorial Guinea,Josephborough,Sweden,Västerås,incoming,Salary payment,1839.26,8
938a4c0a-b867-48a0-9dae-ec245a7e4571,2025-01-03 15:00:00,42.29,USD,GB28MXDB96724600816422,SE8902AXQM18280403499014,Mauritius,Victorton,Sweden,Örebro,incoming,Insurance payout,435.29,15
a671df9b-d1f2-4967-91e0-ee6e7c516a08,2025-03-10 15:00:00,101.34,USD,GB41XJWL46448967074363,SE8902AXQM18280403499014,Libyan Arab Jamahiriya,South Matthew,Sweden,Motala,outgoing,,1043.09,15
6b4bb593-2a00-4ee8-88e3-70a7726ff5e3,2025-02-15 13:00:00,103.48,USD,GB83POYV10853750349251,SE8902AXQM18280403499014,Jamaica,South Andrew,Sweden,Kristianstad,incoming,Mobile recharge,1065.12,13
ea25733f-82d6-497c-bb33-d6fafc0aa614,2025-05-07 14:00:00,129.97,USD,GB31MGHT05653643794255,SE8902AXQM18280403499014,Papua New Guinea,Charlestown,Sweden,Örebro,outgoing,Freelance project payment,1337.78,14
eeb2b105-8e35-4c42-a774-148344891df8,2025-01-10 13:00:00,60.28,ZAR,GB22NGXE16381586323070,SE8902AXQM18280403499014,South Africa,Port Colin,Sweden,Östersund,incoming,Mobile recharge,34.91,13
8ec11c8b-e3b4-4ea0-909b-f0e80cde1c65,2025-04-13 13:00:00,151.76,USD,GB37KRRL12222837421071,SE8902AXQM18280403499014,Italy,Mendezmouth,Sweden,Borlänge,incoming,Consulting fee,1562.07,13
3b7928b7-fe85-48c9-beee-63b6f61a361c,2025-02-05 17:00:00,32.67,USD,GB49TVWN12303965092631,SE8902AXQM18280403499014,Cote d'Ivoire,South Jorge,Sweden,Varberg,outgoing,Mobile recharge,336.27,17
096c2e97-8d1d-4272-acec-ff79540ac229,2025-01-24 14:00:00,187.56,RMB,GB05EWOA74534693538495,SE8902AXQM18280403499014,Myanmar,Knightland,Sweden,Piteå,incoming,Reimbursement for travel,269.49,14
7ba9670f-04ce-4ae1-a812-e4b171959cb8,2025-01-12 18:00:00,69.81,USD,GB32KMBZ98095101608683,SE8902AXQM18280403499014,Yemen,Port Ashleyville,Sweden,Västerås,incoming,Payment for invoice #2772,718.55,18
defbbce5-b477-4da8-88bc-be626f4b7df0,2025-03-26 16:00:00,97.11,USD,GB02OHOX85866655822876,SE8902SEYF48760878274175,Barbados,South Amber,Sweden,Mölndal,outgoing,Reimbursement for travel,999.55,16
d622c563-bc14-4a81-bdfd-b6e6153744a1,2025-03-24 10:00:00,185.99,JPY,GB85IPJM21185174581982,SE8902SEYF48760878274175,Japan,横浜市都筑区,Sweden,Borlänge,outgoing,Tax refund,12.28,10
9a50dfbb-c616-499e-9426-e273a07b1d94,2025-01-27 15:00:00,122.85,USD,GB86FREP22847814952434,SE8902SEYF48760878274175,Uruguay,Annetteburgh,Sweden,Nyköping,outgoing,Subscription fee,1264.5,15
b8968956-152d-431b-9ed0-a21615d9bbf6,2025-01-23 18:00:00,123.15,USD,GB14PGRL05267504950994,SE8902SEYF48760878274175,Kuwait,West Josephberg,Sweden,Umeå,outgoing,Tax refund,1267.58,18
ebd0c439-ffc1-4303-aa53-caf2c707c892,2025-05-15 08:00:00,17.77,USD,GB38YAXT75815730813157,SE8902SEYF48760878274175,Saint Martin,West Carlos,Sweden,Varberg,incoming,Freelance project payment,182.91,8
4e4ec1f1-6731-46e0-8e41-eac4972e808b,2025-03-11 09:00:00,124.87,USD,GB94XOSM60181046366073,SE8902SEYF48760878274175,Eritrea,Jennifermouth,Sweden,Borås,incoming,Gift to family member,1285.29,9
ed3ffb0e-8c6d-4214-ad5c-695e75f01307,2025-03-04 17:00:00,174.66,USD,GB48JAEP49048996177610,SE8902SEYF48760878274175,,Port Chelseaburgh,Sweden,Falun,outgoing,Tax refund,1797.78,17
c959a090-e5c5-4b1b-a18d-b0ad80bb51b1,2025-01-20 09:00:00,145.63,USD,GB08VPUN20092285314179,SE8902SEYF48760878274175,Kenya,Chelseamouth,Sweden,Motala,outgoing,Payment for invoice #5380,1498.97,9
1792e4d2-155b-4c9a-92f6-8e449726129f,2025-03-10 16:00:00,63.91,USD,GB24JYVR63663386181246,SE8902SEYF48760878274175,Saint Helena,South Matthewton,Sweden,Lund,incoming,Freelance project payment,657.83,16
5108c9f9-5e7b-47d8-af6e-9a4cd626f9f5,2025-04-29 17:00:00,157.27,USD,GB22KQWJ09111502810555,SE8902SEYF48760878274175,Gambia,Port Steven,Sweden,Helsingborg,outgoing,Subscription fee,1618.78,17
690d1e31-9a83-4da1-8cf9-32b229ad1503,2025-04-30 18:00:00,16.28,USD,GB28SGNV43619016485404,SE8902TNEQ21759041931830,Nicaragua,Lake Paulfurt,Sweden,Sandviken,outgoing,Gift to family member,167.57,18
5b4580b6-bf0f-4368-a192-079a787bd38e,2025-03-07 11:00:00,72.52,USD,GB36QVKW24265214035459,SE8902TNEQ21759041931830,Bolivia,Williemouth,Sweden,Nyköping,outgoing,Consulting fee,746.45,11
218477dc-4d74-441f-a72a-e24e515e7877,2025-01-25 12:00:00,155.53,USD,GB05TKWV72594261751835,SE8902TNEQ21759041931830,Syrian Arab Republic,Lawsonfort,Sweden,Falun,incoming,Tax refund,1600.87,12
cfa96991-420f-41be-9e1a-4214fda5a562,2025-04-10 12:00:00,95.85,USD,GB82OHIV11903477834691,SE8902TNEQ21759041931830,Bosnia and Herzegovina,New Charlenehaven,Sweden,Varberg,incoming,Tax refund,986.58,12
4452e5f4-ebdf-4b99-8a2f-576f6fca775b,2025-01-15 13:00:00,46.73,USD,GB76HKJY79256879507140,SE8902TNEQ21759041931830,Equatorial Guinea,Jamesborough,Sweden,Alingsås,outgoing,Loan repayment,480.99,13
1b171a6e-0fcd-437a-ba24-ea0c923c95ec,2025-03-01 11:00:00,75.55,USD,GB66BGVI19893044207525,SE8902TNEQ21759041931830,Argentina,Jordanhaven,Sweden,Landskrona,incoming,Consulting fee,777.64,11
b6f42a9d-9fbf-49f7-bdc6-f3c8294b5577,2025-01-14 13:00:00,189.92,USD,GB12LZXU92585106528527,SE8902TNEQ21759041931830,Libyan Arab Jamahiriya,Ericatown,Sweden,Linköping,incoming,Payment for invoice #1116,1954.85,13
72807e61-3d49-4307-a041-a01abd5b2cf7,2025-01-23 18:00:00,35.79,USD,GB60IRBD14491628728337,SE8902TNEQ21759041931830,Gabon,Josephfort,Sweden,Mölndal,incoming,Gift to family member,368.39,18
264b462c-1ffe-463d-9afe-8a6bff000992,2025-03-31 16:00:00,157.88,USD,GB63VXEE71087444969007,SE8902TNEQ21759041931830,Lao People's Democratic Republic,West Michelle,Sweden,Kalmar,incoming,Gift to family member,1625.06,16
04337597-a62a-4e36-8f1d-32e68d90564f,2025-02-26 11:00:00,20.88,ZMW,GB94JLLY47827988356981,SE8902TNEQ21759041931830,Zambia,Dorothybury,Sweden,Borås,outgoing,Salary payment,7.48,11
1bf5b4f8-e7d2-402f-b179-5b17b9266035,2025-02-27 09:00:00,88.62,USD,GB20OGGZ40574169237619,SE8902QILJ09667839424264,United States Virgin Islands,East Lauraton,Sweden,Örnsköldsvik,outgoing,Insurance payout,912.17,9
79b03504-34d3-4cc5-89f5-e16a50979af2,2025-04-26 12:00:00,192.01,USD,GB81KJAR99097215795187,SE8902QILJ09667839424264,Fiji,Stanleymouth,Sweden,Malmö,incoming,Tax refund,1976.36,12
0a540f0b-a77f-4292-9cf9-5bbaa5d71883,2025-04-10 16:00:00,48.88,USD,GB59NATX05954275326291,SE8902QILJ09667839424264,Nauru,Brooksland,Sweden,Göteborg,outgoing,Tax refund,503.12,16
82b9aaa2-b1a5-48d5-ba1b-d9543b95f8f7,2025-04-29 10:00:00,168.04,USD,GB58ISYS85815804735166,SE8902QILJ09667839424264,Dominican Republic,Erinshire,Sweden,Södertälje,outgoing,Freelance project payment,1729.64,10
729f2340-a1a2-45fd-afc2-095f76d6cbea,2025-03-20 17:00:00,31.3,USD,GB98IAVZ25905143031582,SE8902QILJ09667839424264,Andorra,Reedville,Sweden,Mölndal,outgoing,Payment for invoice #3439,322.17,17
027b0192-96f6-4234-9953-a730fc7526e4,2025-01-24 16:00:00,25.11,USD,GB88LAHQ00442844995424,SE8902QILJ09667839424264,Belize,East Lisachester,Sweden,Lidingö,outgoing,Consulting fee,258.46,16
6c789ad3-277e-4e8b-a5c5-d10a00003bb3,2025-01-18 16:00:00,49.51,USD,GB18THKN99742355690087,SE8902QILJ09667839424264,Christmas Island,Douglaston,Sweden,Stockholm,incoming,Mobile recharge,509.61,16
8acc62ce-fc52-4e1e-b440-9ab580f59083,2025-03-09 17:00:00,61.44,USD,GB17IBTT73957544855023,SE8902QILJ09667839424264,Palestinian Territory,Lake April,Sweden,Uddevalla,outgoing,Salary payment,632.4,17
6e41b932-d9d6-4927-b7d0-d715aceb9871,2025-03-29 10:00:00,118.99,USD,GB98RJTF92323928603313,SE8902QILJ09667839424264,Mayotte,Kellyville,Sweden,Alingsås,outgoing,Loan repayment,1224.76,10
777d7184-2a0f-45d2-8bdc-e69b0c3fa522,2025-04-24 12:00:00,55.84,USD,GB17BNCT07040910260480,SE8902QILJ09667839424264,El Salvador,South Joseph,Sweden,Alingsås,incoming,Salary payment,574.76,12
f3b3a133-dbb0-4ec8-b1ad-d2b88965c80d,2025-01-25 17:00:00,38.18,USD,GB68PQCP24216800235609,SE8902AJRJ35802643947946,Bermuda,Nicholeport,Sweden,Lidingö,outgoing,Payment for invoice #4201,392.99,17
88e957bc-75b3-4102-9d5c-4dc9e1bd1565,2025-02-15 14:00:00,45.74,USD,GB78LTQN21546110699413,SE8902AJRJ35802643947946,United States Minor Outlying Islands,New Laura,Sweden,Helsingborg,outgoing,Consulting fee,470.8,14
183aee50-9a88-4bc7-b846-ad8c81e7b4d2,2025-05-13 08:00:00,66.1,USD,GB20KCMI42448930432050,SE8902AJRJ35802643947946,Cuba,Millerstad,Sweden,Landskrona,incoming,Tax refund,680.37,8
32a96bcb-cffd-42b5-b88f-c1496c00c068,2025-04-12 09:00:00,64.63,USD,GB64YXJK01516973915322,SE8902AJRJ35802643947946,,Justinbury,,Kristianstad,outgoing,Freelance project payment,665.24,9
2c9a669a-dfcd-4e0d-9d18-5105c3c012b5,2025-03-09 10:00:00,57.16,USD,GB33STZW60695827550567,SE8902AJRJ35802643947946,Ghana,Patriciabury,Sweden,Lund,incoming,Subscription fee,588.35,10
e3896448-0269-4084-9791-660996670659,2025-02-15 11:00:00,6.62,USD,GB69HJQN61139205656486,SE8902AJRJ35802643947946,Micronesia,Edwardburgh,Sweden,Göteborg,outgoing,Payment for invoice #9254,68.14,11
43bc2b9c-39be-49d2-9b14-09721aedf743,2025-01-01 11:00:00,129.29,USD,GB43OKHH68324022037253,SE8902AJRJ35802643947946,Trinidad and Tobago,Josephmouth,Sweden,Jönköping,incoming,Subscription fee,1330.78,11
2b1c23b2-fe9e-45f8-941c-aefad559e575,2025-02-08 17:00:00,135.91,USD,GB24KXHD35994636626824,SE8902AJRJ35802643947946,Kenya,New Alex,Sweden,Lidköping,outgoing,,1398.92,17
b58784dd-acb9-42f6-be6c-ac29b3691642,2025-03-15 08:00:00,96.08,USD,GB80QGQZ15126526214098,SE8902AJRJ35802643947946,French Polynesia,North Roger,Sweden,Trelleborg,incoming,Payment for invoice #2166,988.95,8
a2bc17bf-a18e-420e-95cd-333ae3fef619,2025-04-04 12:00:00,43.4,USD,GB46ARYE17248880984306,SE8902AJRJ35802643947946,Antarctica (the territory South of 60 deg S),Port Jamesland,Sweden,Lidköping,outgoing,Gift to family member,446.72,12
c9b8c354-55d8-4b79-bd8c-bed96978f0b6,2025-04-20 14:00:00,195.77,USD,GB55NYWU34961044932089,SE8902MMNV35784660404948,Azerbaijan,Glenmouth,Sweden,Örnsköldsvik,outgoing,Salary payment,2015.06,14
c59e8b8e-3387-467a-a94e-94f457e81d49,2025-04-22 17:00:00,136.03,USD,GB73FCRF63535093225055,SE8902MMNV35784660404948,Tonga,Patriciashire,Sweden,Landskrona,outgoing,Payment for invoice #3604,1400.16,17
78bc45ac-6822-4665-9e57-9c4d57d25935,2025-01-23 15:00:00,199.77,USD,GB17CRWA87765724831382,SE8902MMNV35784660404948,Trinidad and Tobago,Wrighthaven,Sweden,Jönköping,incoming,,2056.23,15
fea163e4-f62e-46d4-89c7-5826c70fb796,2025-03-19 11:00:00,43.05,USD,GB37POVZ39431898858214,SE8902MMNV35784660404948,Albania,Anthonychester,Sweden,Lidköping,outgoing,Consulting fee,443.11,11
cabf52fc-0fd8-4171-ac35-9b26c9da64e7,2025-02-12 18:00:00,137.79,USD,GB17NGDL12555637056200,SE8902MMNV35784660404948,Madagascar,East Tinaberg,Sweden,Örebro,outgoing,Reimbursement for travel,1418.27,18
14c580d1-cfcd-456b-9559-05dd9be7eaae,2025-05-18 10:00:00,56.64,USD,GB29SEZC63720839327931,SE8902MMNV35784660404948,American Samoa,Lake Davidview,Sweden,Trollhättan,outgoing,,583.0,10
659b2668-b0f5-4b4f-8c14-644bc8b5ac07,2025-02-17 17:00:00,83.18,USD,GB76MNIM51576588485310,SE8902MMNV35784660404948,Comoros,Devinborough,Sweden,Mölndal,incoming,Utility bill,856.17,17
eb66d675-1ab1-47f3-84ee-97de1aa89f42,2025-03-14 14:00:00,170.77,USD,GB15KEDF30339166455673,SE8902MMNV35784660404948,Russian Federation,Angelaburgh,Sweden,Malmö,outgoing,Mobile recharge,1757.74,14
29593a75-9ee7-4ecb-9337-6963bc4dd279,2025-04-30 13:00:00,103.12,USD,GB82KNAG44587993641558,SE8902MMNV35784660404948,Papua New Guinea,North Stacy,Sweden,Västerås,incoming,Online purchase,1061.41,13
26af1944-f68f-4772-bc6a-888929c0db34,2025-02-16 14:00:00,133.08,USD,GB85LNWN09595004759251,SE8902MMNV35784660404948,Mayotte,Lake Alyssafort,Sweden,Halmstad,incoming,Insurance payout,1369.79,14
679fb305-8c44-4681-8f40-3ef707c0870c,2025-02-12 13:00:00,15.14,USD,GB29UOJR13916564134025,SE8902GQAD77323256759071,Wallis and Futuna,East Michaelborough,Sweden,Kalmar,incoming,Online purchase,155.84,13
04b9033f-615b-4368-b031-a22ba0ec4ec0,2025-03-03 11:00:00,53.14,USD,GB70HRUZ00243139620569,SE8902GQAD77323256759071,Jordan,Christyview,Sweden,Mölndal,incoming,Salary payment,546.97,11
47fb33a1-e4be-429e-a078-90dbd154bd92,2025-02-25 16:00:00,198.42,USD,GB57EVBI13617583462270,SE8902GQAD77323256759071,United States Minor Outlying Islands,Shanemouth,Sweden,Malmö,incoming,Utility bill,2042.34,16
9146c7b2-655f-43b4-982a-a5dcfde1052d,2025-04-16 15:00:00,52.21,USD,GB30FZTG01265833176038,SE8902GQAD77323256759071,Monaco,North Miranda,Sweden,Sandviken,outgoing,Rent transfer,537.4,15
00420c08-f1e0-406e-8b0b-e03730056d20,2025-03-01 12:00:00,184.75,USD,GB54NURR65684357585962,SE8902GQAD77323256759071,Martinique,Brandthaven,Sweden,Trelleborg,outgoing,Online purchase,1901.63,12
ae7e16b3-2af1-4fb6-9df0-cb95f9718c4e,2025-05-10 11:00:00,50.66,USD,GB28DRVS02186084863384,SE8902GQAD77323256759071,Cyprus,East Mary,Sweden,Varberg,outgoing,Consulting fee,521.44,11
043d2e79-b9a4-42a6-a92a-c97d4e0718c5,2025-04-06 09:00:00,145.3,USD,GB92QQGW17458533853549,SE8902GQAD77323256759071,Palestinian Territory,Port Thomasside,Sweden,Karlskoga,incoming,Mobile recharge,1495.57,9
cf4837c7-911c-42f8-a728-4b8c6b5124d1,2025-08-02 11:00:00,92.05,USD,GB61GLZO92582574449792,SE8902GQAD77323256759071,Mozambique,Port Davidland,Sweden,Motala,outgoing,Online purchase,947.47,11
c8c90262-ed13-4733-bef5-1f40d94c788c,2025-02-22 10:00:00,132.84,USD,GB93RGAN74930530823770,SE8902GQAD77323256759071,Indonesia,Robinside,Sweden,Lidingö,outgoing,Utility bill,1367.32,10
ab5b16e3-3d07-43de-9562-535eb7252c5b,2025-05-03 10:00:00,112.59,USD,GB61YGWI91300517319954,SE8902GQAD77323256759071,Albania,North Christopher,Sweden,Alingsås,outgoing,,1158.89,10
2fab79d3-64a2-47ac-b4f4-00423003a35d,2025-02-23 08:00:00,196.21,USD,GB16EFJX20332525095262,SE8902FVFT61557043346714,Hungary,Drakeview,Sweden,Norrköping,outgoing,,2019.59,8
00980a6b-411c-406f-86bf-9f77c57576ad,2025-02-04 11:00:00,153.54,USD,GB73GWRX28534939237953,SE8902FVFT61557043346714,Christmas Island,Lisaberg,Sweden,Linköping,incoming,Tax refund,1580.39,11
caed966e-5dcf-4ff4-96a8-41f555dd4db4,2025-05-14 13:00:00,14.85,USD,GB38SCWU90898674590109,SE8902FVFT61557043346714,Wallis and Futuna,Walshside,Sweden,Landskrona,outgoing,Insurance payout,152.85,13
0bfcd324-9ae0-488b-8bc1-0301dc539288,2025-04-02 09:00:00,20.69,USD,GB67HQTJ29676562915487,SE8902FVFT61557043346714,Marshall Islands,Amyville,Sweden,Norrköping,incoming,Insurance payout,212.96,9
126d3309-8746-492f-b27e-35400001b1e3,2025-01-16 14:00:00,78.72,USD,GB88OXWA21267958338111,SE8902FVFT61557043346714,Yemen,East Staceybury,Sweden,Malmö,outgoing,Loan repayment,810.26,14
a7a91976-5445-437c-871f-d7872a5ab061,2025-02-16 17:00:00,134.08,USD,GB71ZBOM36251000340066,SE8902FVFT61557043346714,Guernsey,Douglaschester,Sweden,Sundsvall,incoming,Insurance payout,1380.09,17
cb55664f-c769-4fcf-a5d6-cab4840d90ad,2025-01-05 08:00:00,197.97,USD,GB43UJLP99734404264956,SE8902FVFT61557043346714,Afghanistan,North Nicole,Sweden,Skellefteå,incoming,Rent transfer,2037.71,8
83bb2b73-8dfc-42d0-907d-734928c39fca,2025-02-05 13:00:00,78.02,USD,GB48QXVX28174177652815,SE8902FVFT61557043346714,Honduras,East Tanya,Sweden,Ängelholm,incoming,Insurance payout,803.06,13
cb1e1797-db53-4186-ad35-0c913a892f8d,2025-01-04 12:00:00,55.16,USD,GB34FYXK59688393037109,SE8902FVFT61557043346714,Angola,New Janice,Sweden,Västerås,incoming,Freelance project payment,567.76,12
38231ecc-d94e-4171-82a8-a2dc85cdd152,2023-02-23 17:00:00,136.43,USD,GB68VXJA69765012223629,SE8902FVFT61557043346714,Afghanistan,South Melissa,Sweden,Helsingborg,outgoing,Freelance project payment,1404.27,17
c63aef4d-d164-4ff4-afa5-09aa12b6514c,2025-04-23 17:00:00,121.95,USD,GB62RIDW41964681980633,SE8902XXAF74151570423565,Israel,South Miguelchester,Sweden,Jönköping,outgoing,Gift to family member,1255.23,17
785ad15a-d5f8-458c-be58-d5bf974dd4ba,2025-03-28 09:00:00,168.43,USD,GB36WBJP81825676027896,SE8902XXAF74151570423565,Latvia,Sheristad,Sweden,Kristianstad,outgoing,Loan repayment,1733.65,9
10b60e2f-25c9-4dd1-9f3a-4eb9d0226b9c,2025-03-10 14:00:00,61.34,USD,GB02LTSF47722500806069,SE8902XXAF74151570423565,Australia,East Kevinmouth,Sweden,Motala,outgoing,Insurance payout,631.37,14
7a62ec0c-e758-4a95-b743-0b5b3f610a92,2025-04-17 18:00:00,75.54,USD,GB42UPDT82213303623769,SE8902XXAF74151570423565,Oman,New Regina,Sweden,Helsingborg,outgoing,Loan repayment,777.53,18
50263204-d003-42fb-86c5-0ba6629f6af1,2025-04-25 10:00:00,70.26,USD,GB32PGLE62294364588742,SE8902XXAF74151570423565,Heard Island and McDonald Islands,Bakershire,Sweden,Falun,outgoing,Tax refund,723.19,10
55970d8c-77f8-4efc-bee3-cb36e83b93aa,2025-03-25 16:00:00,95.54,RMB,GB28ODPZ56268743453323,SE8902XXAF74151570423565,China,建华市,Sweden,Karlskoga,incoming,Freelance project payment,137.27,16
eafda783-427a-4078-8389-87f28cee182a,2025-02-21 11:00:00,99.68,USD,GB83ZYSC64448492766589,SE8902XXAF74151570423565,Hungary,South Chadberg,Sweden,Landskrona,incoming,Insurance payout,1026.01,11
7e5be76c-d21f-4f32-bd42-a59137d5d742,2025-01-16 09:00:00,185.17,USD,GB05AVRA90710649463448,SE8902XXAF74151570423565,Saudi Arabia,North Anthony,Sweden,Karlskrona,incoming,Loan repayment,1905.95,9
7058eae2-1639-45ce-8d29-ca3c3f5c60c5,2025-02-24 18:00:00,108.7,USD,GB23EQZM90915339461605,SE8902XXAF74151570423565,Sudan,Port Kevin,Sweden,Uddevalla,incoming,Subscription fee,1118.85,18
892a4571-9f2b-4b42-8bc3-d67ca70e9daf,2025-01-10 16:00:00,119.09,USD,GB54OGXK30095447585722,SE8902XXAF74151570423565,Montserrat,Matthewtown,Sweden,Stockholm,outgoing,Consulting fee,1225.79,16
04847343-2c85-4e14-970e-ac2d52277391,2025-03-31 08:00:00,120.13,USD,GB41BIJI17328850624062,SE8902JXNJ08943900596647,Yemen,Port Cindytown,Sweden,Varberg,incoming,Freelance project payment,1236.5,8
b1ba8cf3-e823-4071-86be-1d9f67998bf2,2025-01-09 15:00:00,13.46,USD,GB29HMHY34528392763858,SE8902JXNJ08943900596647,Reunion,Robertville,Sweden,Stockholm,incoming,Reimbursement for travel,138.54,15
622c09c0-8964-465a-8c02-fa19bfbabf14,2025-05-18 11:00:00,64.8,USD,GB13MYOU63421585759274,SE8902JXNJ08943900596647,Ireland,Karenmouth,Sweden,Gävle,outgoing,Insurance payout,666.99,11
c2630d59-0216-4f69-999a-abad58d75359,2025-04-11 16:00:00,44.54,USD,GB11CTCB95880244512125,SE8902JXNJ08943900596647,Sudan,Lake Phillip,Sweden,Jönköping,incoming,Loan repayment,458.45,16
00367576-41b5-477f-88ab-2a4353eeb33e,2025-03-21 16:00:00,93.75,ZMW,GB92QFDT14939612165684,SE8902JXNJ08943900596647,Zambia,Adamsfort,Sweden,Landskrona,incoming,Freelance project payment,33.6,16
e197800c-c74c-4f83-8ee0-7906561f4276,2025-02-24 18:00:00,70.39,USD,GB48VUKK23381430521838,SE8902JXNJ08943900596647,Paraguay,North Jameston,Sweden,Karlskoga,outgoing,Loan repayment,724.52,18
8b6f6e3d-50ab-4fb9-9cb1-f1202e248606,2025-02-18 11:00:00,138.45,USD,GB98HLTW78288020315478,SE8902JXNJ08943900596647,Seychelles,North Angela,Sweden,Falun,incoming,Salary payment,1425.07,11
980b007f-70ec-4782-80f4-3698f19f1ba5,2025-03-19 12:00:00,174.04,USD,GB98GAJF17151283288200,SE8902JXNJ08943900596647,Tonga,Wrightberg,Sweden,Gävle,incoming,Consulting fee,1791.39,12
5b226755-064e-4226-af44-78aa70f2be8f,2025-04-09 14:00:00,128.75,USD,GB33TBBA67848580188916,SE8902JXNJ08943900596647,American Samoa,East Heathermouth,Sweden,Sandviken,outgoing,Online purchase,1325.22,14
98d2958d-dbbd-4724-80e6-f5aebd8ed453,2025-01-01 10:00:00,172.47,USD,GB48YFNI64891200556642,SE8902JXNJ08943900596647,Mauritius,Garrisonmouth,Sweden,Uppsala,incoming,Salary payment,1775.23,10
96c604f1-cd12-4fbb-8448-7f3565e5eac9,2025-04-03 15:00:00,169.69,USD,GB43BTFY00771830881927,SE8902OKGM15362718359701,Rwanda,Lopezfort,Sweden,Örebro,outgoing,Salary payment,1746.62,15
9eec5ea5-1a90-439d-916a-eff64933c2c2,2025-05-13 17:00:00,182.92,USD,GB43USVN73763673063371,SE8902OKGM15362718359701,Korea,Samanthachester,Sweden,Eskilstuna,outgoing,Tax refund,1882.8,17
a8ed7c73-4dfc-41d1-9756-ef2f9d2a52d7,2025-01-20 17:00:00,164.75,USD,GB87OYMP43008908833279,SE8902OKGM15362718359701,Botswana,Port Timothystad,Sweden,Karlstad,incoming,Online purchase,1695.77,17
67a8b243-5a29-4643-9bbc-a6991b3d0940,2025-03-16 12:00:00,5.26,USD,GB47ZDST49650138360171,SE8902OKGM15362718359701,Isle of Man,South Williamland,Sweden,Lund,outgoing,Consulting fee,54.14,12
82bed2a1-23e4-4b53-ab76-63f02655a6a7,2025-03-28 14:00:00,64.88,USD,GB71IINM27967792134933,SE8902OKGM15362718359701,Montserrat,New Davidport,Sweden,Helsingborg,incoming,Salary payment,667.81,14
0d9a5a93-3179-444a-9cfa-91f6421a26b8,2025-03-02 08:00:00,19.73,USD,GB97KREI82807739611575,SE8902OKGM15362718359701,French Southern Territories,Lake Michellemouth,Sweden,Falun,incoming,Subscription fee,203.08,8
c76f1f3a-5d21-4d6a-be0a-9b87f68e4407,2025-01-15 16:00:00,148.66,USD,GB40JZPU76435195446317,SE8902OKGM15362718359701,El Salvador,North Travisberg,Sweden,Piteå,outgoing,Loan repayment,1530.16,16
ad7fe882-69c3-44d4-82de-d4b67bd4f268,2025-03-14 15:00:00,88.84,USD,GB78QCTT22205877300758,SE8902OKGM15362718359701,Netherlands Antilles,New Thomasstad,Sweden,Karlstad,incoming,Loan repayment,914.43,15
a5799203-16a7-4bd7-805b-9940d6810ab1,2025-02-11 13:00:00,36.43,USD,GB43AAWP45393069722300,SE8902OKGM15362718359701,Hungary,North Laura,Sweden,Sandviken,incoming,Payment for invoice #6999,374.97,13
bc658504-e770-42aa-8cc3-b957d0122bbe,2025-04-01 09:00:00,110.44,USD,GB31WZKZ97103952588925,SE8902OKGM15362718359701,Peru,Lake Williamport,Sweden,Luleå,outgoing,Subscription fee,1136.76,9
ee611d9e-1ca2-41d9-b913-d50edffd93e3,2025-04-19 08:00:00,157.8,USD,GB10CADU86549331924573,SE8902FKYE96295585801229,Cote d'Ivoire,West Stacyburgh,Sweden,Stockholm,outgoing,Reimbursement for travel,1624.24,8
84c4b4f1-3590-42ad-b7f3-ec5d7500f0eb,2025-04-03 09:00:00,141.03,USD,GB50SUPZ17803085300746,SE8902FKYE96295585801229,Bangladesh,New Lauraside,Sweden,Sandviken,outgoing,Utility bill,1451.62,9
b0b4e2f2-73f3-41e8-b198-6b9f86dc680c,2025-03-17 15:00:00,136.01,USD,GB73HPWY02897171741564,SE8902FKYE96295585801229,United States Minor Outlying Islands,Flemingborough,Sweden,Umeå,outgoing,,1399.95,15
9dff5ac8-9544-4875-ae86-9da2e408a220,2025-02-10 09:00:00,181.86,USD,GB71GLCO80982453774500,SE8902FKYE96295585801229,Paraguay,Gomezfurt,Sweden,Lidingö,outgoing,Salary payment,1871.88,9
745fe055-55d3-4e90-8d94-81e33bab5d37,2025-02-08 11:00:00,131.99,USD,GB16VKWS68644690124654,SE8902FKYE96295585801229,Serbia,Potterborough,Sweden,Norrköping,outgoing,,1358.57,11
4482de4e-4d08-4f50-9208-3c90ab3afd82,2025-02-27 13:00:00,122.17,USD,GB51URAN04566163048766,SE8902FKYE96295585801229,Tuvalu,West Brookemouth,Sweden,Luleå,outgoing,,1257.5,13
b7e212ac-090c-4a3c-8673-f34e6308fc8a,2025-04-04 08:00:00,158.38,USD,GB91NBCP33530358030680,SE8902FKYE96295585801229,Togo,North Granthaven,Sweden,Gävle,incoming,Reimbursement for travel,1630.21,8
97d1650a-dc14-4aa9-94fc-d162539fc3c7,2025-01-15 11:00:00,134.05,USD,GB81KAOC57266720220302,SE8902FKYE96295585801229,Zimbabwe,New Susan,Sweden,Luleå,outgoing,,1379.78,11
b15d12e4-0c0b-401f-b5c2-ebe22b8de6cb,2025-01-05 14:00:00,80.03,USD,GB85MJQC71465663570095,SE8902FKYE96295585801229,Italy,Johnsonside,Sweden,Skövde,outgoing,Payment for invoice #4140,823.75,14
acb4aab6-637a-4af2-83d7-ac55833bc310,2025-02-16 08:00:00,49.91,USD,GB50DSFU91316344100510,SE8902FKYE96295585801229,Grenada,North Jenniferport,Sweden,Lidingö,incoming,Tax refund,513.72,8
e8aa52b0-981d-4e8a-a5c5-f384a6fa22af,2025-05-08 12:00:00,183.23,USD,GB08YHWJ15543426037558,SE8902RFAD93127690350624,Montenegro,Kelseytown,Sweden,Varberg,incoming,Gift to family member,1885.99,12
3d094a27-fc7c-435a-9709-aaea19c43817,2025-02-11 14:00:00,24.62,USD,GB85BJCP53680840924123,SE8902RFAD93127690350624,Italy,New Elizabethtown,Sweden,Gävle,incoming,Payment for invoice #2949,253.41,14
f1d2aa7a-62e6-4e5b-8056-bcf3b7c0db3f,2025-05-17 14:00:00,136.86,USD,GB43ZGGR21768226853448,SE8902RFAD93127690350624,Lithuania,Davisport,Sweden,Uppsala,incoming,Consulting fee,1408.7,14
fd51503f-11e6-495d-9eb5-d54767f08afd,2025-03-06 12:00:00,42.72,USD,GB94CDZX04931184045874,SE8902RFAD93127690350624,Saudi Arabia,Garciafurt,Sweden,Stockholm,incoming,Salary payment,439.72,12
433bf9d9-a8a5-41d4-9c3e-fbbad0b23d44,2025-04-02 12:00:00,175.18,USD,GB11EWGE16394549970520,SE8902RFAD93127690350624,Lebanon,Elliottbury,Sweden,Södertälje,outgoing,Salary payment,1803.13,12
6c9fcdd6-e29b-4054-a1c8-4990685fae42,2025-04-07 10:00:00,165.32,USD,GB55FCGB66840668803568,SE8902RFAD93127690350624,Niue,Williambury,Sweden,Nyköping,incoming,Mobile recharge,1701.64,10
d7753090-2130-4412-b42c-e185b37934e5,2025-04-10 15:00:00,175.54,USD,GB78EEYG43094708234529,SE8902RFAD93127690350624,Eritrea,Hudsonborough,Sweden,Trollhättan,incoming,Subscription fee,1806.83,15
0390a80f-7c3b-43a0-b0b6-a504ef4e820a,2025-04-19 12:00:00,41.96,USD,GB03NRXC32849992923037,SE8902RFAD93127690350624,Afghanistan,East Brad,Sweden,Linköping,outgoing,Loan repayment,431.89,12
65558491-d40e-41d0-b308-0e12be155be6,2025-03-11 08:00:00,46.44,USD,GB09OWRX15084245611545,SE8902RFAD93127690350624,Togo,West Alicia,Sweden,Jönköping,incoming,Salary payment,478.01,8
3592fbe6-a27b-4263-9b32-f5b0ac146e61,2025-05-13 12:00:00,124.27,USD,GB51PTCN13214835304200,SE8902RFAD93127690350624,United States Minor Outlying Islands,Contreraschester,Sweden,Mölndal,outgoing,Insurance payout,1279.11,12
7c4e518e-411e-41a7-a97b-fd942e5d417b,2025-04-21 08:00:00,19.34,USD,GB43ZDHU12730154141417,SE8902VBXW33852287376238,Mauritius,North Kimberly,Sweden,Gävle,incoming,Tax refund,199.07,8
6e07850e-6373-4f28-9d17-6484f355efb0,2025-02-08 14:00:00,146.97,USD,GB51QDNZ87247965241581,SE8902VBXW33852287376238,Saudi Arabia,Port Terri,Sweden,Karlskrona,incoming,,1512.76,14
46eba747-39ea-4e21-8b79-4beda81e8a81,2025-05-08 14:00:00,72.96,USD,GB15DAUN01620893644609,SE8902VBXW33852287376238,Philippines,Christinaport,Sweden,Helsingborg,outgoing,Gift to family member,750.98,14
f13b07a0-f919-4029-8d29-08905a1452b2,2025-03-11 15:00:00,155.28,USD,GB88IFUA30613534719943,SE8902VBXW33852287376238,Iraq,Lake Douglas,Sweden,Lidingö,outgoing,Tax refund,1598.3,15
18611e6f-7779-4db5-a786-5343b6a8568a,2025-03-23 15:00:00,123.63,USD,GB65NMML29472277241215,SE8902VBXW33852287376238,Dominica,Bryanland,Sweden,Sundsvall,incoming,,1272.52,15
c1d9ca45-a0eb-4f7e-8d04-54b2948c5904,2025-05-09 14:00:00,74.8,USD,GB82JIGE34361757952313,SE8902VBXW33852287376238,Belize,Curtisborough,Sweden,Luleå,incoming,Online purchase,769.92,14
c37dc7fa-35df-44cf-912e-a450355e9f46,2025-01-04 10:00:00,8.66,USD,GB18CAFB56280073677920,SE8902VBXW33852287376238,Jordan,Zacharyside,Sweden,Uddevalla,incoming,Consulting fee,89.14,10
14a455e3-4eaf-4dd7-97ea-81363a2bf4bd,2025-03-09 18:00:00,105.7,USD,GB02SRZL54698941462579,SE8902VBXW33852287376238,Saint Martin,Lake John,Sweden,Mölndal,outgoing,Subscription fee,1087.97,18
c422c45e-14b6-4bad-8eda-16213f214bdd,2025-02-04 08:00:00,17.02,USD,GB48DOFC82541969519519,SE8902VBXW33852287376238,Saint Lucia,Port Davidfort,Sweden,Sundsvall,outgoing,Salary payment,175.19,8
1dbac0df-e539-42ed-874b-ecaac98a6b6a,2025-05-12 16:00:00,189.3,USD,GB52XYJW01162264127094,SE8902VBXW33852287376238,Bhutan,Karenshire,Sweden,Helsingborg,outgoing,Rent transfer,1948.46,16
321497dd-d29e-4ffc-b4ab-4491cbe504bc,2025-03-08 18:00:00,139.71,USD,GB91WBGK73023619307212,SE8902FSHA42297476809642,Ireland,New Williamview,Sweden,Linköping,incoming,Rent transfer,1438.04,18
0415bedd-a564-44f5-aaf6-b3573ef196c9,2025-03-10 13:00:00,138.11,USD,GB97AIZM30478408283369,SE8902FSHA42297476809642,Nicaragua,Robertfurt,Sweden,,incoming,Insurance payout,1421.57,13
76706651-e790-4ade-8bb1-a71830910ae7,2025-04-07 17:00:00,12.06,USD,GB78NKOU74806873192333,SE8902FSHA42297476809642,Lesotho,North Pamela,Sweden,Varberg,outgoing,Subscription fee,124.13,17
67e79dce-312e-43c2-930b-9dcfdf0ea13e,2025-02-01 11:00:00,144.01,USD,GB34CVQM17484650398047,SE8902FSHA42297476809642,Holy See (Vatican City State),Port Darintown,Sweden,Halmstad,outgoing,Rent transfer,1482.29,11
0befaf90-4e73-4868-802a-4f16b2fbaffc,2025-02-04 18:00:00,30.49,USD,GB24YIDV88038765098544,SE8902FSHA42297476809642,Cote d'Ivoire,Amyhaven,Sweden,Karlskoga,outgoing,Salary payment,313.83,18
f038e938-345d-4635-b5a4-64981d034d91,2025-04-09 09:00:00,53.69,USD,GB04XOHZ93213867673551,SE8902FSHA42297476809642,Marshall Islands,Malikstad,Sweden,Umeå,outgoing,Tax refund,552.63,9
cbb37a40-e86e-4469-ac9e-cd2e2f3d1b18,2025-03-23 08:00:00,60.85,USD,GB84ZGCV15603233355037,SE8902FSHA42297476809642,Nicaragua,South Karenport,Sweden,Sundsvall,outgoing,Reimbursement for travel,626.33,8
1b640faf-b2bb-4fd1-b568-e442ca537ce5,2025-04-19 08:00:00,89.16,USD,GB80VPCZ92889789208723,SE8902FSHA42297476809642,Samoa,New Kevin,Sweden,Luleå,incoming,Freelance project payment,917.72,8
b308436c-efde-4e71-a3d9-5d140dbed6fb,2025-03-11 17:00:00,61.68,USD,GB87UZGB54558974906051,SE8902FSHA42297476809642,Malta,Shermanside,Sweden,Växjö,incoming,Tax refund,634.87,17
e5bb60e0-687a-4c83-a23e-35a0dc5fdf03,2025-03-31 08:00:00,148.22,USD,GB97GPZQ10178365412894,SE8902FSHA42297476809642,Guinea-Bissau,North Virginia,Sweden,Kalmar,outgoing,Consulting fee,1525.63,8
1c8829d5-9acc-4642-a477-b87b4d3c8a77,2025-05-01 15:00:00,59.13,USD,GB67NBBL03409749100648,SE8902ZJVA11817265425330,Qatar,Clinestad,Sweden,Östersund,outgoing,Online purchase,608.63,15
bb869dd2-5ff8-44e3-aa2d-6a4fa6eaa1f4,2025-02-12 09:00:00,171.27,USD,GB66YZIL60571611914833,SE8902ZJVA11817265425330,Serbia,Lake Ashleyside,Sweden,Norrköping,outgoing,Gift to family member,1762.88,9
17981598-3cd3-4ccc-bbbf-ed6b6ce292c7,2025-03-21 09:00:00,29.47,USD,GB97GNGW13067987022074,SE8902ZJVA11817265425330,San Marino,Potterfort,Sweden,Ängelholm,incoming,Rent transfer,303.33,9
aa1f95e3-dbe7-43b0-9dba-3cd96f581456,2025-03-23 09:00:00,91.72,USD,GB93SFYP28381846650714,SE8902ZJVA11817265425330,Western Sahara,West Rodney,Sweden,Skellefteå,outgoing,Online purchase,944.07,9
73e20836-42a5-4f3d-ac96-e67a86ba0da4,2025-01-20 17:00:00,191.28,USD,GB07RQZB49909291603108,SE8902ZJVA11817265425330,Algeria,Contrerasfort,Sweden,Lund,incoming,Rent transfer,1968.85,17
1771b706-c7ea-4313-9400-5fe63c93d115,2025-03-24 18:00:00,64.03,USD,GB14PPIN89072557538618,SE8902ZJVA11817265425330,Mayotte,Donaldbury,Sweden,Sandviken,incoming,Consulting fee,659.06,18
5822a270-e923-440e-b51f-194ab118d1ab,2023-02-28 13:00:00,144.83,USD,GB82WBNP62213206095703,SE8902ZJVA11817265425330,French Polynesia,Caseyton,Sweden,Stockholm,outgoing,Freelance project payment,1490.74,13
d557bd15-b646-43e6-a4f2-26d9577a2d4b,2025-05-15 16:00:00,109.05,USD,GB34TPAX47431050492239,SE8902ZJVA11817265425330,French Polynesia,West Evan,Sweden,Linköping,incoming,Utility bill,1122.45,16
3466e440-8fa9-4c85-ac30-cdeb8c879cb2,2025-05-16 15:00:00,134.1,USD,GB48JJJP76778343151470,SE8902ZJVA11817265425330,Palau,Donaldchester,Sweden,Karlskoga,outgoing,Reimbursement for travel,1380.29,15
56f5f35d-ebe7-47c1-a073-5179678b1d46,2025-03-02 17:00:00,116.0,USD,GB16BYOK89960063497292,SE8902ZJVA11817265425330,Nicaragua,Deanside,Sweden,Trollhättan,incoming,Reimbursement for travel,1193.99,17
abdeb943-b6e2-474f-806d-eab65b52d4db,2025-02-24 14:00:00,137.65,USD,GB22RRSA65804708553328,SE8902ZJBK03539793529686,Kyrgyz Republic,Christopherfort,Sweden,Östersund,outgoing,Freelance project payment,1416.83,14
716e6c12-e696-4497-a01a-8a048264b32a,2025-03-01 16:00:00,106.23,USD,GB67EOXW46796615405059,SE8902ZJBK03539793529686,Bahamas,New Laurenside,Sweden,Alingsås,incoming,Payment for invoice #5949,1093.43,16
15f5d152-be20-4659-8469-027438d03e1b,2025-02-26 11:00:00,40.59,USD,GB45IYKL87439919895161,SE8902ZJBK03539793529686,Sri Lanka,Thomasmouth,Sweden,Skellefteå,incoming,Rent transfer,417.79,11
2fa15e88-1cbb-46c1-b683-a988acfb80c5,2025-04-14 14:00:00,118.29,USD,GB33XIDE07954362224957,SE8902ZJBK03539793529686,Senegal,Gibsonside,Sweden,Norrköping,outgoing,Gift to family member,1217.56,14
95c10a69-b6d4-4d52-8d39-7e927c545297,2025-03-31 18:00:00,120.14,USD,GB03UIDL84697421479773,SE8902ZJBK03539793529686,Tuvalu,South Patrickborough,Sweden,Sundsvall,outgoing,Loan repayment,1236.6,18
434d8f18-6e14-4cce-9d9f-87df435df2ac,2025-01-08 18:00:00,185.75,USD,GB60MTXG64625720338310,SE8902ZJBK03539793529686,Slovenia,South Lindastad,Sweden,Lidingö,outgoing,Tax refund,1911.92,18
f9ab95c4-e33b-478b-8aec-95e182c9582c,2025-03-20 10:00:00,178.02,USD,GB80PSZS32551326940313,SE8902ZJBK03539793529686,Chile,Douglasland,Sweden,,incoming,Gift to family member,1832.36,10
f440dba2-38fd-44c0-a215-a6480dfa0eb2,2025-05-12 09:00:00,40.05,USD,GB04QBTS95712926778019,SE8902ZJBK03539793529686,Bolivia,Port Albertchester,Sweden,Nyköping,incoming,Subscription fee,412.23,9
9c239619-faff-42bc-bfd8-dcf4225c00be,2025-03-05 15:00:00,133.11,USD,GB07VGVX87678036612717,SE8902ZJBK03539793529686,Cayman Islands,North David,Sweden,Falun,incoming,Mobile recharge,1370.1,15
b7ca274f-d179-40ef-9876-f591d0d1973b,2025-05-11 09:00:00,94.23,USD,GB14KJYT03317430210813,SE8902ZJBK03539793529686,Wallis and Futuna,East Paul,Sweden,Lidköping,outgoing,Freelance project payment,969.91,9
